Om,H0,M
0.00035671697205087076,-0.003555811223976912,9.35865043864185e-06
-0.003555811223976912,0.8345943334697717,0.023222152096068777
9.35865043864185e-06,0.023222152096068777,0.0006932085110832216
